{
  "L": 5.0,
  "v": 0.3,
  "R0": 2.0,
  "omegaBD": 10,
  "sigma": 25.0,
  "epsilon": 1e-08,
  "Aw": 0.020760530018065822,
  "wW": 0.43623243995054584,
  "Ad": 0.0020956805839486637,
  "wD": 1.4905151397676861,
  "epsBD": 0.036752574849167816,
  "wBD": 0.672811842653521,
  "bBI": 0.47521655715064004,
  "wshell": 0.6126709227110756,
  "warpAmp": 22.0
}