{
  "timestamp": "20260716_000534",
  "best_params": {
    "L": 5.0,
    "v": 0.3,
    "R0": 2.0,
    "omegaBD": 10,
    "sigma": 25.0,
    "epsilon": 1e-08,
    "Aw": 0.020760530018065822,
    "wW": 0.43623243995054584,
    "Ad": 0.0020956805839486637,
    "wD": 1.4905151397676861,
    "epsBD": 0.036752574849167816,
    "wBD": 0.672811842653521,
    "bBI": 0.47521655715064004,
    "wshell": 0.6126709227110756,
    "warpAmp": 22.0
  },
  "score": 0.5653603158429186,
  "nec_violation": -0.03281592548667411,
  "total_energy": 1.9963532093109855,
  "min_alpha": 0.03788857172942865,
  "violation_ratio": 0.003756574004507889,
  "iterations": 82,
  "message": "Optimization completed in 400.0s",
  "bounds": {
    "Aw": [
      0.001,
      0.05
    ],
    "wW": [
      0.1,
      1.0
    ],
    "Ad": [
      0.0005,
      0.01
    ],
    "wD": [
      0.2,
      1.2
    ],
    "epsBD": [
      0.001,
      0.2
    ],
    "wBD": [
      0.2,
      1.0
    ],
    "bBI": [
      0.5,
      5.0
    ],
    "wshell": [
      0.05,
      0.5
    ]
  },
  "initial_params": {
    "Aw": 0.027708718669180482,
    "wW": 0.531340720195939,
    "Ad": 0.005760176127668741,
    "wD": 0.2,
    "epsBD": 0.18742018325637566,
    "wBD": 0.5840568282558871,
    "bBI": 2.31927122395741,
    "wshell": 0.27365589631357656
  }
}