{
  "L": 5.0,
  "v": 0.3,
  "R0": 2.0,
  "omegaBD": 10,
  "sigma": 25.0,
  "epsilon": 1e-08,
  "Aw": 0.00021212982596097358,
  "wW": -0.18114970796939978,
  "Ad": 0.04742357930204087,
  "wD": 2.373505652426255,
  "epsBD": 1.8175764842659605,
  "wBD": 17.446334719779173,
  "bBI": 52.71815481590714,
  "wshell": -3.052103779914943,
  "warpAmp": 22.0
}