{
  "timestamp": "20260716_001420",
  "best_params": {
    "L": 5.0,
    "v": 0.3,
    "R0": 2.0,
    "omegaBD": 10,
    "sigma": 25.0,
    "epsilon": 1e-08,
    "Aw": 0.00021212982596097358,
    "wW": -0.18114970796939978,
    "Ad": 0.04742357930204087,
    "wD": 2.373505652426255,
    "epsBD": 1.8175764842659605,
    "wBD": 17.446334719779173,
    "bBI": 52.71815481590714,
    "wshell": -3.052103779914943,
    "warpAmp": 22.0
  },
  "score": 28127698742118.73,
  "nec_violation": -281266737165.67175,
  "total_energy": -102502455155.53831,
  "min_alpha": 10000000000.0,
  "violation_ratio": 1.0,
  "iterations": 74,
  "time_seconds": 46.831714153289795,
  "message": "Optimization completed in 0.8 minutes",
  "bounds": {
    "Aw": [
      0.001,
      0.08
    ],
    "wW": [
      0.05,
      2.0
    ],
    "Ad": [
      0.0001,
      0.025
    ],
    "wD": [
      0.1,
      4.0
    ],
    "epsBD": [
      0.001,
      0.5
    ],
    "wBD": [
      0.1,
      3.0
    ],
    "bBI": [
      0.1,
      8.0
    ],
    "wshell": [
      0.05,
      1.5
    ]
  },
  "initial_params": {
    "Aw": 0.020760530018065822,
    "wW": 0.43623243995054584,
    "Ad": 0.0020956805839486637,
    "wD": 1.4905151397676861,
    "epsBD": 0.036752574849167816,
    "wBD": 0.672811842653521,
    "bBI": 0.47521655715064004,
    "wshell": 0.6126709227110756
  },
  "numba_available": true,
  "cupy_available": false
}