{
  "timestamp": "20260716_001742",
  "best_params": {
    "L": 5.0,
    "v": 0.3,
    "R0": 2.0,
    "omegaBD": 10,
    "sigma": 25.0,
    "epsilon": 1e-08,
    "Aw": 0.01666003621930147,
    "wW": 0.5255272475457304,
    "Ad": 0.006211590506412347,
    "wD": 2.3904409734703354,
    "epsBD": 0.04578952456946673,
    "wBD": 1.1913003372452708,
    "bBI": 0.37157283510576145,
    "wshell": 0.8350254232153272,
    "warpAmp": 22.0
  },
  "score": 200000000.0,
  "nec_violation": -5699995037956.026,
  "total_energy": -2077297308182.091,
  "min_alpha": 10000000000.0,
  "mean_alpha": 0.09012778686638125,
  "violation_ratio": 1.0,
  "iterations": 0,
  "time_seconds": 39.76722002029419,
  "message": "Optimization completed in 0.7 minutes",
  "bounds": {
    "Aw": [
      0.005,
      0.04
    ],
    "wW": [
      0.2,
      0.8
    ],
    "Ad": [
      0.0005,
      0.008
    ],
    "wD": [
      0.8,
      2.5
    ],
    "epsBD": [
      0.01,
      0.08
    ],
    "wBD": [
      0.3,
      1.2
    ],
    "bBI": [
      0.3,
      1.5
    ],
    "wshell": [
      0.3,
      1.0
    ]
  },
  "initial_params": {
    "Aw": 0.020760530018065822,
    "wW": 0.43623243995054584,
    "Ad": 0.0020956805839486637,
    "wD": 1.4905151397676861,
    "epsBD": 0.036752574849167816,
    "wBD": 0.672811842653521,
    "bBI": 0.47521655715064004,
    "wshell": 0.6126709227110756
  },
  "validation": {
    "valid": true,
    "issues": []
  }
}