{
  "L": 5.0,
  "v": 0.3,
  "R0": 2.0,
  "omegaBD": 10,
  "sigma": 25.0,
  "epsilon": 1e-08,
  "Aw": 0.01666003621930147,
  "wW": 0.5255272475457304,
  "Ad": 0.006211590506412347,
  "wD": 2.3904409734703354,
  "epsBD": 0.04578952456946673,
  "wBD": 1.1913003372452708,
  "bBI": 0.37157283510576145,
  "wshell": 0.8350254232153272,
  "warpAmp": 22.0
}